3203304,"MANTENOPOLIS"
5205059,"CASTELANDIA"
1702554,"AUGUSTINOPOLIS"
4119707,"PLANALTINA DO PARANA"
3205002,"SERRA"
4213302,"PONTE ALTA"
2301505,"ARNEIROZ"
5204250,"CACHOEIRA DOURADA"
2905008,"CACULE"
4320800,"SOLEDADE"
3107505,"BOM JARDIM DE MINAS"
5002902,"CASSILANDIA"
3146602,"PAIVA"
5106752,"PONTES E LACERDA"
3103751,"ARAPORA"
2302305,"BELA CRUZ"
5106232,"NOVA OLIMPIA"
3509908,"CANANEIA"
3144375,"NATALANDIA"
4216107,"SAO DOMINGOS"
3304904,"SAO GONCALO"
4307500,"ESPUMOSO"
4204806,"CURITIBANOS"
5215231,"NOVO GAMA"
4125753,"SAO PEDRO DO IGUACU"
3159308,"SANTA RITA DE JACUTINGA"
5008305,"TRES LAGOAS"
3122009,"DIVINO"
5205497,"CIDADE OCIDENTAL"
5200134,"ACREUNA"
4103370,"BRASILANDIA DO SUL"
3140001,"MARIANA"
1100924,"CHUPINGUAIA"
4101655,"ARAPUA"
3204104,"PINHEIROS"
4108551,"GODOY MOREIRA"
5209291,"GUARAITA"
4117271,"NOVA TEBAS"
4209300,"LAGES"
5203203,"BARRO ALTO"
3139102,"MADRE DE DEUS DE MINAS"
4304606,"CANOAS"
5106000,"NORTELANDIA"
1100304,"VILHENA"
4201950,"BALNEARIO ARROIO DO SILVA"
3160959,"SAO DOMINGOS DAS DORES"
4118303,"PARANAPOEMA"
4102802,"BELA VISTA DO PARAISO"
4123824,"SANTA LUCIA"
4106803,"CRUZ MACHADO"
4111308,"ITAUNA DO SUL"
5220009,"SAO JOAO D'ALIANCA"
5005400,"MARACAJU"
4316006,"ROLANTE"
3551207,"SARUTAIA"
2312403,"SAO GONCALO DO AMARANTE"
2612505,"SANTA CRUZ DO CAPIBARIBE"
5221452,"TROMBAS"
3545506,"SANDOVALINA"
1702000,"ARAGUACU"
4204004,"CATANDUVAS"
5208806,"GOIANIRA"
1717503,"PIUM"
5200159,"ADELANDIA"
1700400,"ALMAS"
4100806,"ALVORADA DO SUL"
1701002,"ANANAS"
4301073,"ARROIO DO PADRE"
1702703,"AURORA DO TOCANTINS"
4303202,"CACIQUE DOBLE"
3118106,"CONGONHAS DO NORTE"
3514007,"DOBRADA"
3122470,"DOM BOSCO"
5207501,"ESTRELA DO NORTE"
5003900,"FIGUEIRAO"
3127909,"GRUPIARA"
2104909,"GUIMARAES"
3133907,"ITAVERAVA"
4311130,"JARI"
3135704,"JEQUITIBA"
3136405,"JOAQUIM FELICIO"
4209151,"JOSE BOITEUX"
4311429,"LAJEADO DO BUGRE"
3143450,"MONTEZUMA"
4312617,"MUITOS CAPOES"
4312757,"NOVA ALVORADA"
4212239,"PARAISO"
3148756,"PEDRA BONITA"
4212403,"PEDRAS GRANDES"
5106703,"PONTE BRANCA"
4315156,"PROGRESSO"
4315206,"PUTINGA"
4315354,"QUINZE DE NOVEMBRO"
1718501,"RECURSOLANDIA"
5107198,"RIBEIRAOZINHO"
1718709,"RIO DOS BOIS"
3544202,"RIOLANDIA"
3544905,"SALES OLIVEIRA"
3157377,"SANTA CRUZ DE SALINAS"
3548005,"SANTO ANTONIO DE POSSE"
1720309,"SAO SEBASTIAO DO TOCANTINS"
3165701,"SENADOR FIRMINO"
3166204,"SENHORA DOS REMEDIOS"
1101609,"THEOBROMA"
5221502,"TURVANIA"
4219408,"WITMARSUM"
2206704,"NAZARE DO PIAUI"
4113759,"LUNARDELLI"
3167400,"SILVIANOPOLIS"
4205555,"FREI ROGERIO"
4103958,"CAMPINA DO SIMAO"
2917409,"JACARACI"
3204708,"SAO GABRIEL DA PALHA"
3123700,"ENGENHEIRO CALDAS"
4114104,"MANDAGUACU"
3553302,"TAMBAU"
3169109,"TOLEDO"
3529401,"MAUA"
1100320,"SAO MIGUEL DO GUAPORE"
5219258,"SANTA FE DE GOIAS"
4100459,"ALTAMIRA DO PARANA"
4115903,"MIRADOR"
3200805,"BAIXO GUANDU"
5001003,"APARECIDA DO TABOADO"
4115457,"MARQUINHO"
4203006,"CACADOR"
4322202,"TUPANCIRETA"
4100400,"ALMIRANTE TAMANDARE"
5204557,"CALDAZINHA"
3201100,"BOM JESUS DO NORTE"
3203700,"MUNIZ FREIRE"
4107850,"FLOR DA SERRA DO SUL"
5219605,"SANTA TEREZA DE GOIAS"
5203401,"BOM JARDIM DE GOIAS"
1721208,"TOCANTINOPOLIS"
4203956,"CAPIVARI DE BAIXO"
2104081,"FERNANDO FALCAO"
4109708,"IBAITI"
4317400,"SANTIAGO"
5104203,"GUIRATINGA"
3540754,"POTIM"
3130507,"ILICINEA"
4310009,"IBIRUBA"
4306767,"ELDORADO DO SUL"
2603900,"CARNAIBA"
4212502,"PENHA"
5221577,"UIRAPURU"
5108501,"VERA"
3201308,"CARIACICA"
4125902,"SAO PEDRO DO PARANA"
2304285,"EUSEBIO"
3168051,"TAPARUBA"
3304805,"SAO FIDELIS"
2304459,"FORTIM"
3172103,"VOLTA GRANDE"
5220157,"SAO LUIZ DO NORTE"
3306107,"VALENCA"
5105150,"JUINA"
4114807,"MARIALVA"
3519253,"IARAS"
4125001,"SAO JOAO DO IVAI"
4202107,"BARRA VELHA"
3113909,"CARMO DA CACHOEIRA"
4214003,"PRESIDENTE GETULIO"
3523107,"ITAQUAQUECETUBA"
4108908,"GUAIRACA"
3548054,"SANTO ANTONIO DO ARACANGUA"
2908705,"CONDEUBA"
2104008,"ESPERANTINOPOLIS"
5219902,"SAO FRANCISCO DE GOIAS"
4113734,"LUIZIANA"
5101258,"ARAPUTANGA"
4205803,"GARUVA"
3521150,"IPIGUA"
1721000,"PALMAS"
4116307,"MUNHOZ DE MELO"
3204906,"SAO MATEUS"
5108402,"VARZEA GRANDE"
4201307,"ARAQUARI"
1100056,"CEREJEIRAS"
4126207,"SAPOPEMA"
3140902,"MATIPO"
3157203,"SANTA BARBARA"
4118105,"PARANACITY"
1705508,"COLINAS DO TOCANTINS"
2509701,"MONTEIRO"
4209409,"LAGUNA"
4202537,"BOM JESUS"
4208955,"JARDINOPOLIS"
3509957,"CANAS"
3110707,"CAMBUQUIRA"
3132602,"ITAMARATI DE MINAS"
3302700,"MARICA"
4108007,"FLORESTOPOLIS"
5100409,"ALTO GARCAS"
4101853,"ARIRANHA DO IVAI"
1100148,"NOVA BRASILANDIA D'OESTE"
4114708,"MARIA HELENA"
3511102,"CATANDUVA"
3300233,"ARMACAO DOS BUZIOS"
3171071,"VEREDINHA"
3202454,"IBATIBA"
3148004,"PATOS DE MINAS"
3305604,"SILVA JARDIM"
4203709,"CANELINHA"
3306008,"TRES RIOS"
4218301,"TRES BARRAS"
5200829,"AMARALINA"
2307650,"MARACANAU"
2904407,"BREJOLANDIA"
5208707,"GOIANIA"
3100401,"ACAIACA"
4207205,"IMARUI"
3154101,"RECREIO"
3117876,"CONFINS"
1710508,"ITACAJA"
4203600,"CAMPOS NOVOS"
5220264,"SAO MIGUEL DO PASSA QUATRO"
4321006,"TAPERA"
3303955,"PINHEIRAL"
3300803,"CACHOEIRAS DE MACACU"
4208708,"JACINTO MACHADO"
3506359,"BERTIOGA"
4206702,"HERVAL D'OESTE"
3509452,"CAMPINA DO MONTE ALEGRE"
4317806,"SANTO AUGUSTO"
3301603,"DUAS BARRAS"
5200050,"ABADIA DE GOIAS"
3134608,"JABOTICATUBAS"
4213005,"PINHEIRO PRETO"
4300109,"AGUDO"
4205209,"ERVAL VELHO"
3305802,"TERESOPOLIS"
4321303,"TAQUARI"
4112504,"JARDIM ALEGRE"
3542909,"RIBEIRAO BONITO"
4112108,"JANDAIA DO SUL"
3203056,"JAGUARE"
3100708,"AGUA COMPRIDA"
3205010,"SOORETAMA"
3165560,"SEM PEIXE"
2107001,"MONTES ALTOS"
4318424,"SAO JOAO DA URTIGA"
3169208,"TOMBOS"
4323002,"VIAMAO"
4314100,"PASSO FUNDO"
4126306,"SENGES"
3303302,"NITEROI"
5213087,"MINACU"
1100098,"ESPIGAO D'OESTE"
4310413,"INHACORA"
3533205,"NOVA INDEPENDENCIA"
3532306,"NATIVIDADE DA SERRA"
4300877,"ARARICA"
4301206,"ARROIO DO TIGRE"
4103156,"BOM JESUS DO SUL"
4202602,"BOM RETIRO"
3108008,"BOM SUCESSO"
1703800,"BURITI DO TOCANTINS"
5204003,"CABECEIRAS"
3112901,"CAPUTIRA"
3113800,"CARMESIA"
4305173,"CERRO GRANDE DO SUL"
5103353,"CONFRESA"
4308409,"FORMIGUEIRO"
5208152,"GAMELEIRA DE GOIAS"
4308706,"GAURAMA"
3127800,"GRAO MOGOL"
5209457,"GUARINOS"
5209606,"HEITORAI"
3522505,"ITAPEVI"
3135209,"JANUARIA"
4311122,"JAQUIRANA"
4209177,"JUPIA"
1712009,"LAJEADO"
3526407,"LARANJAL PAULISTA"
4311601,"LIBERATO SALZANO"
3527009,"LINDOIA"
4311700,"MACHADINHO"
4210852,"MIRIM DOCE"
1713601,"MONTE DO CARMO"
5214804,"NOVA AURORA"
3535606,"PARAIBUNA"
4314076,"PASSO DO SOBRADO"
4314464,"PINHAL DA SERRA"
4314498,"PINHEIRINHO DO VALE"
4314605,"PIRATINI"
4213153,"PLANALTO ALEGRE"
5106778,"PORTO ALEGRE DO NORTE"
3152709,"PRADOS"
3541059,"PRATANIA"
5107156,"RESERVA DO CABACAL"
4214508,"RIO DO CAMPO"
5219357,"SANTA ISABEL"
3204500,"SANTA LEOPOLDINA"
4316956,"SANTA MARIA DO HERVAL"
5220058,"SAO JOAO DA PARAUNA"
4217105,"SAO MARTINHO"
4319703,"SAO VALENTIM"
3166006,"SENHORA DE OLIVEIRA"
3552007,"SILVEIRAS"
3167608,"SIMONESIA"
3553609,"TAPIRATIBA"
3553658,"TAQUARAL"
4321402,"TENENTE PORTELA"
4322186,"TUPANCI DO SUL"
4218954,"URUPEMA"
4322558,"VANINI"
3170750,"VARJAO DE MINAS"
4300604,"ALVORADA"
4119509,"PIRAQUARA"
3144706,"NOVA ERA"
4318002,"SAO BORJA"
4204558,"CORREIA PINTO"
3205069,"VENDA NOVA DO IMIGRANTE"
4119251,"PINHAL DE SAO BENTO"
5005707,"NAVIRAI"
4123303,"SANTA CRUZ DE MONTE CASTELO"
3507159,"BOM SUCESSO DE ITARARE"
4207304,"IMBITUBA"
4115705,"MATINHOS"
3117702,"CONCEICAO DO RIO VERDE"
3300209,"ARARUAMA"
3150901,"PIRANGUCU"
4110656,"IRACEMA DO OESTE"
5200308,"ALEXANIA"
5002951,"CHAPADAO DO SUL"
3200706,"ATILIO VIVACQUA"
3131158,"IPABA"
2913002,"IBITIARA"
3300704,"CABO FRIO"
4110706,"IRATI"
5004502,"ITAPORA"
4110508,"IPIRANGA"
4301909,"BARRA DO RIBEIRO"
3119203,"COROACI"
3125804,"FERNANDES TOURINHO"
4213807,"PRAIA GRANDE"
5204508,"CALDAS NOVAS"
2305654,"IPAPORANGA"
4104402,"CANDIDO DE ABREU"
3110400,"CAMACHO"
1101484,"SAO FELIPE D OESTE"
3528601,"MANDURI"
3540705,"PORTO FERREIRA"
3305406,"SAPUCAIA"
4322509,"VACARIA"
3202504,"IBIRACU"
1400100,"BOA VISTA"
3149101,"PEDRALVA"
3554201,"TEJUPA"
3118908,"CORDISBURGO"
3503000,"ARAMINA"
4318804,"SAO LOURENCO DO SUL"
5204102,"CACHOEIRA ALTA"
3110202,"CAJURI"
3500907,"ALTAIR"
3119609,"CORONEL PACHECO"
3121100,"DELFIM MOREIRA"
4120408,"PRESIDENTE CASTELO BRANCO"
5107941,"TABAPORA"
3113404,"CARATINGA"
3136306,"JOAO PINHEIRO"
4317608,"SANTO ANTONIO DA PATRULHA"
4208450,"ITAPOA"
5205703,"CORREGO DO OURO"
4124202,"SANTO ANTONIO DO CAIUA"
4108320,"FRANCISCO ALVES"
3303708,"PARAIBA DO SUL"
1100189,"PIMENTA BUENO"
4318606,"SAO JOSE DO OURO"
4109203,"GUARACI"
4113452,"LINDOESTE"
3139904,"MARIA DA FE"
3118403,"CONSELHEIRO PENA"
3136603,"NOVA UNIAO"
4211652,"NOVO HORIZONTE"
5221403,"TRINDADE"
3120904,"CURVELO"
4310207,"IJUI"
3549607,"SAO JOSE DO BARREIRO"
3531803,"MONTE MOR"
5217104,"PIRACANJUBA"
4125100,"SAO JOAO DO TRIUNFO"
3300258,"ARRAIAL DO CABO"
3141504,"MENDES PIMENTEL"
3304201,"RESENDE"
3120003,"CORREGO NOVO"
4113429,"LIDIANOPOLIS"
2502151,"BOA VISTA"
5201603,"ARACU"
4217006,"SAO LUDGERO"
2312908,"SOBRAL"
5209705,"HIDROLANDIA"
3111309,"CAMPO DO MEIO"
4306908,"ENCRUZILHADA DO SUL"
4127304,"TERRA RICA"
4312450,"MORRO REDONDO"
4102406,"BANDEIRANTES"
5216304,"PARANAIGUARA"
4113403,"LEOPOLIS"
4115507,"MARUMBI"
5100250,"ALTA FLORESTA"
4119608,"PITANGA"
3140803,"MATIAS BARBOSA"
4103354,"BRAGANEY"
4119954,"PONTAL DO PARANA"
3156452,"ROSARIO DA LIMEIRA"
3130408,"IJACI"
1715002,"NOVA ROSALANDIA"
3514809,"ELDORADO"
3204807,"SAO JOSE DO CALCADO"
4123907,"SANTA MARIANA"
3133709,"ITATIAIUCU"
4123006,"SALTO DO LONTRA"
5221601,"URUACU"
4106605,"CRUZEIRO DO OESTE"
1720978,"TALISMA"
5103304,"COMODORO"
3124104,"ESMERALDAS"
2925600,"PRESIDENTE DUTRA"
5210562,"ITAGUARI"
3144607,"NEPOMUCENO"
3153707,"QUARTEL GERAL"
3121605,"DIAMANTINA"
4103107,"BOCAIUVA DO SUL"
4216503,"SAO JOAQUIM"
4110300,"INAJA"
5217708,"PONTALINA"
4127502,"TIBAGI"
3123809,"ENGENHEIRO NAVARRO"
4216602,"SAO JOSE"
4208104,"ITAIOPOLIS"
3147402,"PARAOPEBA"
3160108,"SANTO ANTONIO DO GRAMA"
4323804,"XANGRI-LA"
4111001,"ITAMBARACA"
4313300,"NOVA PRATA"
3161403,"SAO FRANCISCO DO GLORIA"
4110078,"IMBAU"
5104807,"JACIARA"
3129608,"IBIAI"
4112801,"JOAQUIM TAVORA"
3153905,"RAPOSOS"
3166907,"SERRANIA"
3517307,"GUAIMBE"
5209101,"GOIATUBA"
5201405,"APARECIDA DE GOIANIA"
3525805,"JULIO MESQUITA"
3131307,"IPATINGA"
4208500,"ITUPORANGA"
5106216,"NOVA CANAA DO NORTE"
3513504,"CUBATAO"
4304408,"CANELA"
3537206,"PEDRO DE TOLEDO"
3136702,"JUIZ DE FORA"
3200136,"AGUIA BRANCA"
3111408,"CAMPO FLORIDO"
3304128,"QUATIS"
5218706,"RIANAPOLIS"
3149507,"PEQUERI"
3503505,"AREIAS"
3102050,"ALTO CAPARAO"
3145703,"OLIVEIRA FORTES"
3300308,"BARRA DO PIRAI"
4111902,"JAGUAPITA"
3133006,"ITAMONTE"
4123204,"SANTA CECILIA DO PAVAO"
3168606,"TEOFILO OTONI"
4106100,"CONSELHEIRO MAIRINCK"
4128625,"VILA ALTA"
3129103,"GURINHATA"
3146909,"PAPAGAIOS"
4127809,"TOMAZINA"
4200051,"ABDON BATISTA"
4200754,"ALTO BELA VISTA"
4200903,"ANGELINA"
3103009,"ANTONIO DIAS"
3505609,"BARRINHA"
4202206,"BENEDITO NOVO"
3102704,"CACHOEIRA DE PAJEU"
5205208,"CATURAI"
2103109,"CEDRAL"
3116209,"CHIADOR"
5103361,"CONQUISTA D'OESTE"
4205191,"ERMO"
3515657,"FERNAO"
5207808,"FIRMINOPOLIS"
1708254,"FORTALEZA DO TABOCAO"
5210307,"ISRAELANDIA"
3135506,"JEQUERI"
3203163,"LARANJA DA TERRA"
4311734,"MAMPITUBA"
2308807,"MORAUJO"
4312625,"MULITERNO"
1714302,"NAZARE"
4212056,"PALMEIRA"
2923506,"PALMEIRAS"
3147501,"PASSABEM"
4314555,"PIRAPO"
4315321,"QUEVEDOS"
1718758,"RIO SONO"
3156007,"RIO VERMELHO"
3548302,"SANTO EXPEDITO"
3164506,"SAO SEBASTIAO DO MARANHAO"
3164902,"SAO SEBASTIAO DO RIO VERDE"
3165206,"SAO THOME DAS LETRAS"
4320578,"SETE DE SETEMBRO"
4321352,"TAVARES"
4321626,"TRAVESSEIRO"
3170909,"VARZELANDIA"
5008404,"VICENTINA"
5219704,"SANTA TEREZINHA DE GOIAS"
3103603,"ARANTINA"
1101708,"URUPA"
4118204,"PARANAGUA"
5101308,"ARENAPOLIS"
3203205,"LINHARES"
4103479,"CAFEZAL DO SUL"
4109005,"GUAPIRAMA"
4121356,"RANCHO ALEGRE D'OESTE"
3115508,"CAXAMBU"
5211909,"JATAI"
3204005,"PANCAS"
4100103,"ABATIA"
4110102,"IMBITUVA"
3135605,"JEQUITAI"
5204854,"CAMPO LIMPO DE GOIAS"
4127908,"TUNEIRAS DO OESTE"
4119400,"PIRAI DO SUL"
4207601,"IPIRA"
1700350,"ALIANCA DO TOCANTINS"
4204400,"CORONEL FREITAS"
4307005,"ERECHIM"
5007935,"SONORA"
4116901,"NOVA ESPERANCA"
4308607,"GARIBALDI"
4201109,"ANITAPOLIS"
3123106,"DORES DE GUANHAES"
3163706,"SAO LOURENCO"
3117207,"CONCEICAO DAS PEDRAS"
3154903,"RIO CASCA"
5103908,"GENERAL CARNEIRO"
5220504,"SERRANOPOLIS"
4114351,"MANFRINOPOLIS"
2108900,"POCAO DE PEDRAS"
3552908,"TACIBA"
3539103,"PIRAPORA DO BOM JESUS"
5207253,"DOVERLANDIA"
3120508,"CRISTINA"
5107909,"SINOP"
3161056,"SAO FELIX DE MINAS"
5220603,"SILVANIA"
4215554,"SANTA HELENA"
4210506,"MARAVILHA"
3123205,"DORES DO INDAIA"
4124103,"SANTO ANTONIO DA PLATINA"
4108700,"GRANDES RIOS"
4317509,"SANTO ANGELO"
3521002,"IPERO"
4202073,"BALNEARIO GAIVOTA"
4123600,"SANTA INES"
3128501,"GUARARA"
4128203,"UNIAO DA VITORIA"
3148400,"PAULISTAS"
3542305,"REDENCAO DA SERRA"
4104253,"CAMPO MAGRO"
3521200,"IPORANGA"
3120201,"CRISTAIS"
4105904,"COLORADO"
4211900,"PALHOCA"
4203501,"CAMPO ERE"
3120102,"COUTO DE MAGALHAES DE MINAS"
5205901,"CORUMBAIBA"
3171709,"VIRGINIA"
3515301,"ESTRELA DO NORTE"
4321204,"TAQUARA"
4101705,"ARARUNA"
4107702,"FENIX"
4103602,"CAMBARA"
3106002,"BELA VISTA DE MINAS"
4322905,"VIADUTOS"
3504909,"BANANAL"
5200100,"ABADIANIA"
5216452,"PEROLANDIA"
4128559,"VERA CRUZ DO OESTE"
3138500,"LIBERDADE"
3142106,"MIRADOURO"
3127404,"GONCALVES"
3104809,"AUGUSTO DE LIMA"
4110409,"INDIANOPOLIS"
3300951,"COMENDADOR LEVY GASPARIAN"
3539301,"PIRASSUNUNGA"
4107900,"FLORESTA"
3165800,"SENADOR JOSE BENTO"
4201257,"APIUNA"
4121109,"QUINTA DO SOL"
3140530,"MARTINS SOARES"
4215356,"SALTINHO"
3170578,"VARGEM ALEGRE"
2503803,"CALDAS BRANDAO"
4320701,"SOBRADINHO"
4213104,"PIRATUBA"
4126009,"SAO SEBASTIAO DA AMOREIRA"
4203808,"CANOINHAS"
4127403,"TERRA ROXA"
3170107,"UBERABA"
3108800,"BRAUNAS"
3550308,"SAO PAULO"
5102850,"CASTANHEIRA"
4211603,"NOVA VENEZA"
4122651,"ROSARIO DO IVAI"
3201209,"CACHOEIRO DE ITAPEMIRIM"
3121704,"DIOGO DE VASCONCELOS"
3515103,"EMBU-GUACU"
4102505,"BARBOSA FERRAZ"
3303906,"PETROPOLIS"
5100805,"APIACAS"
3510401,"CAPIVARI"
4316907,"SANTA MARIA"
5217302,"PIRENOPOLIS"
3549508,"SAO JOSE DA BELA VISTA"
3523701,"ITIRAPUA"
4113205,"LAPA"
5202601,"AURILANDIA"
3544004,"RIO DAS PEDRAS"
4116703,"NOVA AURORA"
3204203,"PIUMA"
3110509,"CAMANDUCAIA"
5214879,"NOVA IGUACU DE GOIAS"
4308300,"FONTOURA XAVIER"
1100049,"CACOAL"
5201108,"ANAPOLIS"
3141900,"MINDURI"
4313375,"NOVA SANTA RITA"
4218251,"TIMBO GRANDE"
5108006,"TAPURAH"
4105805,"COLOMBO"
4313508,"OSORIO"
4103800,"CAMBIRA"
5213806,"MORRINHOS"
3517000,"GETULINA"
4216206,"SAO FRANCISCO DO SUL"
3108909,"BRASOPOLIS"
4103024,"BOA ESPERANCA DO IGUACU"
3106309,"BELO ORIENTE"
3145877,"ORIZANIA"
4109104,"GUAPOREMA"
3205309,"VITORIA"
4219853,"ZORTEA"
1718840,"SANDOLANDIA"
4110607,"IPORA"
3539608,"PLANALTO"
4119103,"PIEN"
3540259,"PONTALINDA"
4314779,"PONTAO"
3555406,"UBATUBA"
3500808,"ALFREDO MARCONDES"
1701051,"ANGICO"
5202353,"ARENOPOLIS"
4201653,"ARVOREDO"
2101103,"AXIXA"
3107802,"BOM JESUS DO GALHO"
4202578,"BOM JESUS DO OESTE"
4302352,"BOM PRINCIPIO"
4202875,"BRUNOPOLIS"
4303301,"CAIBATE"
4303558,"CAMARGO"
3111705,"CANAA"
3114600,"CARRANCAS"
4305116,"CENTENARIO"
3116100,"CHAPADA DO NORTE"
4305504,"CIRIACO"
3117405,"CONCEICAO DE IPANEMA"
3118809,"CORACAO DE JESUS"
4306320,"DERRUBADAS"
4206108,"GRAO PARA"
4207403,"IMBUIA"
4310462,"IPIRANGA DO SUL"
4207858,"IRATI"
1712157,"LAVANDEIRA"
4209904,"LONTRAS"
5105606,"MATUPA"
1713205,"MIRACEMA DO TOCANTINS"
2206506,"MONSENHOR HIPOLITO"
4312351,"MONTAURI"
2107506,"PACO DO LUMIAR"
3538907,"PIRAJUI"
3539509,"PITANGUEIRAS"
4213708,"POUSO REDONDO"
3543808,"RINOPOLIS"
4215406,"SALTO VELOSO"
3159407,"SANTA RITA DE IBITIPOCA"
4318408,"SAO JERONIMO"
4217253,"SAO PEDRO DE ALCANTARA"
3550803,"SAO SEBASTIAO DA GRAMA"
3167004,"SERRANOS"
3554102,"TAUBATE"
4322541,"VALE REAL"
3121902,"DIVINESIA"
4112207,"JANIOPOLIS"
5211503,"ITUMBIARA"
3150539,"PINGO D AGUA"
4126405,"SERTANEJA"
5215900,"PALMINOPOLIS"
5210000,"INHUMAS"
4310850,"JABOTICABA"
4113809,"LUPIONOPOLIS"
4215307,"SALETE"
3203908,"NOVA VENECIA"
3119005,"CORDISLANDIA"
4103701,"CAMBE"
3104106,"ARCEBURGO"
3304409,"RIO CLARO"
3128600,"GUARDA-MOR"
3550704,"SAO SEBASTIAO"
1100122,"JI-PARANA"
4303004,"CACHOEIRA DO SUL"
5106802,"PORTO DOS GAUCHOS"
3150406,"PIEDADE DOS GERAIS"
3153608,"PRUDENTE DE MORAIS"
3301504,"CORDEIRO"
3129806,"IBIRITE"
3142205,"MIRAI"
5213707,"MONTES CLAROS DE GOIAS"
3115805,"CENTRALINA"
4112959,"JURANDA"
4110805,"IRETAMA"
3544608,"SABINO"
3302601,"MANGARATIBA"
5207600,"FAZENDA NOVA"
3506607,"BIRITIBA-MIRIM"
3128105,"GUAPE"
4123709,"SANTA ISABEL DO IVAI"
5220207,"SAO MIGUEL DO ARAGUAIA"
3205036,"VARGEM ALTA"
3122355,"DIVISA ALEGRE"
5001508,"BANDEIRANTES"
3119401,"CORONEL FABRICIANO"
3139508,"MANHUMIRIM"
3518701,"GUARUJA"
4211751,"OTACILIO COSTA"
4108502,"GENERAL CARNEIRO"
4117404,"OURIZONA"
3154408,"RESSAQUINHA"
3162609,"SAO JOAO DO ORIENTE"
3106903,"BICAS"
4126603,"SIQUEIRA CAMPOS"
5218508,"QUIRINOPOLIS"
3118502,"CONSOLACAO"
4316808,"SANTA CRUZ DO SUL"
3302304,"LAJE DO MURIAE"
3133501,"ITAPECERICA"
3515152,"ENGENHEIRO COELHO"
4303509,"CAMAQUA"
4316709,"SANTA BARBARA DO SUL"
5209952,"INDIARA"
3125002,"EWBANK DA CAMARA"
5208004,"FORMOSA"
4215000,"RIO NEGRINHO"
5205471,"CHAPADAO DO CEU"
4103305,"BORRAZOPOLIS"
3169307,"TRES CORACOES"
3532207,"NARANDIBA"
4309209,"GRAVATAI"
3115102,"CASSIA"
5222203,"VILA BOA"
3111101,"CAMPINA VERDE"
4118006,"PARAISO DO NORTE"
3151404,"PITANGUI"
5217203,"PIRANHAS"
1200401,"RIO BRANCO"
4311106,"JAGUARI"
3170479,"URUANA DE MINAS"
3507456,"BOREBI"
5107602,"RONDONOPOLIS"
4308433,"FORQUETINHA"
5204409,"CAIAPONIA"
3143203,"MONTE SANTO DE MINAS"
4207809,"IRANI"
4207700,"IPUMIRIM"
4202800,"BRACO DO NORTE"
3104403,"ARGIRITA"
5106224,"NOVA MUTUM"
4100707,"ALTO PIQUIRI"
3141801,"MINAS NOVAS"
4203105,"CAIBI"
4321600,"TRAMANDAI"
3143609,"MORRO DA GARCA"
3304524,"RIO DAS OSTRAS"
3123304,"DORES DO TURVO"
4309100,"GRAMADO"
3105400,"BARAO DE COCAIS"
4125803,"SAO PEDRO DO IVAI"
4127106,"TELEMACO BORBA"
3164001,"SAO PEDRO DOS FERROS"
4215208,"ROMELANDIA"
4201406,"ARARANGUA"
2105807,"LAGO DO JUNCO"
4125456,"SAO JOSE DAS PALMEIRAS"
3200409,"ANCHIETA"
3104601,"ASTOLFO DUTRA"
3204401,"RIO NOVO DO SUL"
3544806,"SALES"
4109906,"ICARAIMA"
3163201,"SAO JOSE DO ALEGRE"
3112653,"CAPITAO ANDRADE"
4100301,"AGUDOS DO SUL"
3169802,"TURVOLANDIA"
4101101,"ANDIRA"
3532157,"NANTES"
3158706,"SANTANA DO GARAMBEU"
4313060,"NOVA HARTZ"
3131604,"IRAI DE MINAS"
3122405,"DIVISA NOVA"
4206900,"IBIRAMA"
4219309,"VIDEIRA"
3513603,"CUNHA"
3100203,"ABAETE"
3515004,"EMBU"
3146107,"OURO PRETO"
3518800,"GUARULHOS"
3503604,"AREIOPOLIS"
3142809,"MONTE ALEGRE DE MINAS"
3102100,"ALTO RIO DOCE"
4101903,"ASSAI"
3131703,"ITABIRA"
5214507,"NEROPOLIS"
3506904,"BOFETE"
5100201,"AGUA BOA"
5203609,"BRAZABRANTES"
3532702,"NIPOA"
3149309,"PEDRO LEOPOLDO"
4205407,"FLORIANOPOLIS"
4310330,"IMBE"
3140308,"MARLIERIA"
5216809,"PETROLINA DE GOIAS"
3155009,"RIO DOCE"
4318705,"SAO LEOPOLDO"
3531704,"MONTEIRO LOBATO"
4108304,"FOZ DO IGUACU"
4117297,"NOVO ITACOLOMI"
3168804,"TIRADENTES"
4214607,"RIO DO OESTE"
3531902,"MORRO AGUDO"
3543006,"RIBEIRAO BRANCO"
3135902,"JESUANIA"
3304003,"PIRAI"
3170206,"UBERLANDIA"
5218052,"PORTEIRAO"
3546009,"SANTA BRANCA"
3525409,"JERIQUARA"
4122909,"SALTO DO ITARARE"
3134301,"ITUMIRIM"
3508603,"CACHOEIRA PAULISTA"
3171402,"VIEIRAS"
5100508,"ALTO PARAGUAI"
1100346,"ALVORADA D'OESTE"
3102803,"ANDRELANDIA"
4202859,"BRACO DO TROMBUDO"
3509809,"CAMPOS NOVOS PAULISTA"
3510203,"CAPAO BONITO"
3116308,"CIPOTANEA"
3116704,"COIMBRA"
1100064,"COLORADO DO OESTE"
3117900,"CONGONHAL"
3122801,"DOM VICOSO"
3125952,"FERVEDOURO"
3516002,"FLORIDA PAULISTA"
4206009,"GOVERNADOR CELSO RAMOS"
4206207,"GRAVATAL"
5209804,"HIDROLINA"
4206751,"IBIAM"
4207908,"IRINEOPOLIS"
3134103,"ITUETA"
4209458,"LAJEADO GRANDE"
3138682,"LUISLANDIA"
4311718,"MACAMBARA"
4311775,"MAQUINE"
4312609,"MUCUM"
1715150,"NOVO ALEGRE"
3148806,"PEDRA DO ANTA"
3150604,"PIRACEMA"
3153202,"PRESIDENTE JUSCELINO"
3544103,"RIO GRANDE DA SERRA"
3158201,"SANTA MARIA DO SUACUI"
3158904,"SANTANA DO MANHUACU"
3125507,"SAO GONCALO DO RIO PRETO"
4319356,"SAO PEDRO DA SERRA"
4320305,"SELBACH"
4320321,"SENADOR SALGADO FILHO"
4217550,"SERRA ALTA"
3166956,"SERRANOPOLIS DE MINAS"
4320552,"SERTAO SANTANA"
3167301,"SILVEIRANIA"
4321493,"TOROPI"
4321956,"TRINDADE DO SUL"
3205176,"VILA VALERIO"
3554656,"TORRE DE PEDRA"
3168101,"TAPIRA"
4107553,"FAROL"
3108206,"BONFINOPOLIS DE MINAS"
4127007,"TEIXEIRA SOARES"
3162922,"SAO JOAQUIM DE BICAS"
3123601,"ELOI MENDES"
3120706,"CRUZEIRO DA FORTALEZA"
3154002,"RAUL SOARES"
4107108,"DIAMANTE DO NORTE"
5211305,"ITARUMA"
3501400,"ALVARO DE CARVALHO"
3508504,"CACAPAVA"
3537602,"PERUIBE"
5002704,"CAMPO GRANDE"
3106804,"BIAS FORTES"
4104303,"CAMPO MOURAO"
3526209,"JUQUITIBA"
3519709,"IBIUNA"
5209937,"INACIOLANDIA"
3205150,"VILA PAVAO"
4216800,"SAO JOSE DO CERRITO"
3536703,"PEDERNEIRAS"
3111903,"CANA VERDE"
3525003,"JANDIRA"
3170404,"UNAI"
3105301,"BANDEIRA DO SUL"
4127601,"TIJUCAS DO SUL"
1702109,"ARAGUAINA"
3545407,"SALTO GRANDE"
3203106,"JERONIMO MONTEIRO"
4107256,"DOURADINA"
3512704,"CORUMBATAI"
3550001,"SAO LUIS DO PARAITINGA"
4205704,"GAROPABA"
4126652,"SULINA"
4116000,"MIRASELVA"
4201604,"ARROIO TRINTA"
3527207,"LORENA"
3549706,"SAO JOSE DO RIO PARDO"
4313656,"PALMARES DO SUL"
4208302,"ITAPEMA"
3107703,"BOM JESUS DO AMPARO"
3143906,"MURIAE"
4110052,"IGUATU"
4314803,"PORTAO"
3115300,"CATAGUASES"
3158409,"SANTANA DE CATAGUASES"
3171907,"VIRGOLANDIA"
3551504,"SERRANA"
3117306,"CONCEICAO DAS ALAGOAS"
4124400,"SANTO ANTONIO DO SUDOESTE"
3105509,"BARAO DE MONTE ALTO"
3527108,"LINS"
3164605,"SAO SEBASTIAO DO OESTE"
2211001,"TERESINA"
3109105,"BUENO BRANDAO"
3200102,"AFONSO CLAUDIO"
4128807,"XAMBRE"
3138625,"LIMEIRA DO OESTE"
1708205,"FORMOSO DO ARAGUAIA"
3504404,"AVANHANDAVA"
5211206,"ITAPURANGA"
4322400,"URUGUAIANA"
4109807,"IBIPORA"
3300902,"CAMBUCI"
5210406,"ITABERAI"
4308904,"GETULIO VARGAS"
4126272,"SAUDADE DO IGUACU"
3168507,"TEIXEIRAS"
3152600,"POUSO ALTO"
4301107,"ARROIO DOS RATOS"
3518503,"GUAREI"
3301306,"CASIMIRO DE ABREU"
4219507,"XANXERE"
3164407,"SAO SEBASTIAO DA BELA VISTA"
4215802,"SAO BENTO DO SUL"
3541000,"PRAIA GRANDE"
3304557,"RIO DE JANEIRO"
4126256,"SARANDI"
3502309,"ANHEMBI"
3538105,"PINDORAMA"
4121307,"RANCHO ALEGRE"
4117057,"NOVA LARANJEIRAS"
4117453,"OURO VERDE DO OESTE"
4107751,"FIGUEIRA"
3502754,"ARACARIGUAMA"
3154606,"RIBEIRAO DAS NEVES"
4107504,"ENGENHEIRO BELTRAO"
4214904,"RIO FORTUNA"
4103057,"BOA VISTA DA APARECIDA"
4322806,"VERANOPOLIS"
4214201,"QUILOMBO"
3116506,"CLARO DOS POCOES"
3104908,"BAEPENDI"
5103502,"DIAMANTINO"
4105706,"CLEVELANDIA"
3141108,"MATOZINHOS"
3509106,"CAIUA"
3506706,"BOA ESPERANCA DO SUL"
3149002,"PEDRA DOURADA"
3141603,"MERCES"
4316600,"SANANDUVA"
3170800,"VARZEA DA PALMA"
3518602,"GUARIBA"
4212106,"PALMITOS"
3546405,"SANTA CRUZ DO RIO PARDO"
3125200,"FAMA"
4118907,"PEROLA"
4111100,"ITAMBE"
3164100,"SAO PEDRO DO SUACUI"
4128708,"VITORINO"
4121208,"QUITANDINHA"
4309308,"GUAIBA"
2921807,"MORTUGABA"
3304102,"PORCIUNCULA"
3301801,"ENGENHEIRO PAULO DE FRONTIN"
3524600,"JACUPIRANGA"
4119657,"PITANGUEIRAS"
3113602,"CAREACU"
4120002,"PORECATU"
3155405,"RIO NOVO"
3553955,"TARUMA"
3171006,"VAZANTE"
3543709,"RINCAO"
3162575,"SAO JOAO DO MANTENINHA"
4117206,"NOVA OLIMPIA"
4124020,"SANTA TEREZA DO OESTE"
3143302,"MONTES CLAROS"
4312658,"NAO-ME-TOQUE"
3500758,"ALAMBARI"
3102001,"ALTEROSA"
4125506,"SAO JOSE DOS PINHAIS"
4200101,"ABELARDO LUZ"
4126801,"TAPEJARA"
3115904,"CHACARA"
3170057,"UBAPORANGA"
4321709,"TRES COROAS"
4120903,"QUEDAS DO IGUACU"
3155900,"RIO PRETO"
3146552,"PAI PEDRO"
4214409,"RIO DAS ANTAS"
3121308,"DESCOBERTO"
4313904,"PANAMBI"
4322608,"VENANCIO AIRES"
4210308,"MAJOR VIEIRA"
4308508,"FREDERICO WESTPHALEN"
4303103,"CACHOEIRINHA"
3522109,"ITANHAEM"
4118402,"PARANAVAI"
4106407,"CORNELIO PROCOPIO"
3203130,"JOAO NEIVA"
3171204,"VESPASIANO"
4316204,"RONDINHA"
4109401,"GUARAPUAVA"
4204509,"CORUPA"
4122800,"SALGADO FILHO"
4121901,"RIBEIRAO DO PINHAL"
3114907,"CASA GRANDE"
3302452,"MACUCO"
3116407,"CLARAVAL"
3102902,"ANTONIO CARLOS"
3513405,"CRUZEIRO"
3159357,"SANTA RITA DE MINAS"
3147600,"PASSA QUATRO"
5214705,"NOVA AMERICA"
3101904,"ALPINOPOLIS"
3103405,"ARACUAI"
4300851,"ARAMBARE"
3103801,"ARAPUA"
3105707,"BARRA LONGA"
4301800,"BARRACAO"
3201159,"BREJETUBA"
5204201,"CACHOEIRA DE GOIAS"
4303400,"CAICARA"
3115003,"CASCALHO RICO"
3511201,"CATIGUA"
3116001,"CHALE"
4305371,"CHARRUA"
1706100,"CRISTALANDIA"
4306130,"CRUZALTENSE"
3124302,"ESPINOSA"
3515350,"EUCLIDES DA CUNHA PAULISTA"
5207535,"FAINA"
3125408,"FELICIO DOS SANTOS"
3516408,"FRANCO DA ROCHA"
3128204,"GUARACIABA"
3519600,"IBITINGA"
3521606,"IRAPURU"
3134509,"ITUTINGA"
3525201,"JARINU"
4311304,"LAGOA VERMELHA"
4209607,"LAURO MULLER"
4209805,"LEOBERTO LEAL"
4311908,"MARCELINO RAMOS"
4312203,"MAXIMILIANO DE ALMEIDA"
3533700,"OCAUCU"
3534104,"ORIENTE"
5215801,"PALMELO"
4314035,"PARECI NOVO"
5218391,"PROFESSOR JAMIL"
4315453,"RELVADO"
3154507,"RIACHO DOS MACHADOS"
3160207,"SANTO ANTONIO DO ITAMBE"
3161502,"SAO GERALDO"
3549250,"SAO JOAO DE IRACEMA"
3551603,"SERRA NEGRA"
3167103,"SERRO"
3552551,"SUZANAPOLIS"
4321634,"TRES ARROIOS"
4321832,"TRES FORQUILHAS"
4322152,"TUNAS"
3555901,"URU"
4323705,"VISTA GAUCHA"
3550407,"SAO PEDRO"
4120150,"PORTO BARREIRO"
3129707,"IBIRACI"
3151107,"PIRAPETINGA"
5211701,"JANDAIA"
3140506,"MARTINHO CAMPOS"
4305405,"CHIAPETA"
3543253,"RIBEIRAO GRANDE"
4114302,"MANDIRITUBA"
4319000,"SAO MARCOS"
4119202,"PINHALAO"
3512605,"CORONEL MACEDO"
3114709,"CARVALHOPOLIS"
3516309,"FRANCISCO MORATO"
3537503,"PEREIRAS"
3112406,"CAPETINGA"
4102604,"BARRACAO"
3109501,"CABO VERDE"
3115201,"CONCEICAO DA BARRA DE MINAS"
1707652,"FIGUEIROPOLIS"
5213103,"MINEIROS"
4312500,"MOSTARDAS"
4101804,"ARAUCARIA"
3550506,"SAO PEDRO DO TURVO"
3162252,"SAO JOAO DA LAGOA"
3156700,"SABARA"
3167202,"SETE LAGOAS"
3535804,"PARANAPANEMA"
4205357,"FLOR DO SERTAO"
3205200,"VILA VELHA"
4204608,"CRICIUMA"
3535101,"PALMARES PAULISTA"
5208608,"GOIANESIA"
4312401,"MONTENEGRO"
5220108,"SAO LUIS DE MONTES BELOS"
3144409,"NATERCIA"
4102703,"BARRA DO JACARE"
3547106,"SANTA MERCEDES"
3111507,"CAMPOS ALTOS"
3527504,"LUCIANOPOLIS"
5102678,"CAMPO VERDE"
4128104,"UMUARAMA"
4128005,"UBIRATA"
5007695,"SAO GABRIEL DO OESTE"
4104006,"CAMPINA GRANDE DO SUL"
3508009,"BURI"
3138203,"LAVRAS"
3157708,"SANTA JULIANA"
3547304,"SANTANA DE PARNAIBA"
4211504,"NOVA TRENTO"
4317707,"SANTO ANTONIO DAS MISSOES"
4200705,"ALFREDO WAGNER"
3145208,"NOVA SERRANA"
4120804,"QUATRO BARRAS"
3554300,"TEODORO SAMPAIO"
3131406,"IPIACU"
4203303,"CAMPO ALEGRE"
3300506,"BOM JARDIM"
3532405,"NAZARE PAULISTA"
4211454,"NOVA ITABERABA"
4107652,"FAZENDA RIO GRANDE"
4107124,"DIAMANTE DO SUL"
4122107,"RIO BOM"
2300408,"AIUABA"
4125407,"SAO JOSE DA BOA VISTA"
4202156,"BELMONTE"
3520103,"IGARAPAVA"
3204609,"SANTA TERESA"
4101150,"ANGULO"
3523503,"ITATINGA"
3526605,"LAVRINHAS"
4320503,"SERTAO"
4123402,"SANTA FE"
3202207,"FUNDAO"
3510500,"CARAGUATATUBA"
1718402,"PRESIDENTE KENNEDY"
3141702,"MESQUITA"
3536406,"PAULICEIA"
5205000,"CARMO DO RIO VERDE"
4102901,"BITURUNA"
5220280,"SAO PATRICIO"
3525706,"JOSE BONIFACIO"
4318622,"SAO JOSE DOS AUSENTES"
3165008,"SAO TIAGO"
3302403,"MACAE"
5211800,"JARAGUA"
3510609,"CARAPICUIBA"
3101201,"AIURUOCA"
3122702,"DOM SILVERIO"
3515707,"FERRAZ DE VASCONCELOS"
3145604,"OLIVEIRA"
3548500,"SANTOS"
3204351,"RIO BANANAL"
3546504,"SANTA ERNESTINA"
4207759,"IRACEMINHA"
4112306,"JAPIRA"
4120101,"PORTO AMAZONAS"
4208609,"JABORA"
4302238,"BOA VISTA DO INCRA"
5217401,"PIRES DO RIO"
3201506,"COLATINA"
1709302,"GUARAI"
3541604,"PROMISSAO"
3160702,"SANTOS DUMONT"
5204706,"CAMPINORTE"
3519808,"ICEM"
3111606,"CAMPOS GERAIS"
4109757,"IBEMA"
3501905,"AMPARO"
3139607,"MANTENA"
4203907,"CAPINZAL"
5204805,"CAMPO ALEGRE DE GOIAS"
5107206,"RIO BRANCO"
4204202,"CHAPECO"
3300605,"BOM JESUS DO ITABAPOANA"
4205456,"FORQUILHINHA"
4217600,"SIDEROPOLIS"
3152907,"PRATAPOLIS"
4122008,"RIO AZUL"
3157807,"SANTA LUZIA"
3139003,"MACHADO"
3150703,"PIRAJUBA"
3111804,"CANAPOLIS"
3159605,"SANTA RITA DO SAPUCAI"
3141207,"MATUTINA"
4112603,"JARDIM OLINDA"
3522307,"ITAPETININGA"
3520806,"INUBIA PAULISTA"
4211207,"MORRO DA FUMACA"
3111200,"CAMPO BELO"
3541653,"QUADRA"
3130606,"INCONFIDENTES"
4121604,"RENASCENCA"
4219705,"XAXIM"
5219100,"SANTA BARBARA DE GOIAS"
4121802,"RIBEIRAO CLARO"
3156304,"RODEIRO"
5205802,"CORUMBA DE GOIAS"
3556602,"VERA CRUZ"
3538600,"PIRACAIA"
3524907,"JAMBEIRO"
5201504,"APORE"
3555208,"TURIUBA"
5100102,"ACORIZAL"
3100500,"ACUCENA"
3100609,"AGUA BOA"
5200506,"ALOANDIA"
5200902,"AMORINOPOLIS"
3103702,"ARAPONGA"
4201505,"ARMAZEM"
5203906,"BURITI ALEGRE"
1705557,"COMBINADO"
3117603,"CONCEICAO DO PARA"
4306072,"CRISTAL DO SUL"
4306205,"CRUZEIRO DO SUL"
5207105,"DIORAMA"
3122603,"DOM JOAQUIM"
4306957,"ENTRE RIOS DO SUL"
4306932,"ENTRE-IJUIS"
3124500,"ESTIVA"
4307831,"EUGENIO DE CASTRO"
4206652,"GUATAMBU"
5210158,"IPIRANGA DE GOIAS"
5210208,"IPORA"
4207684,"IPUACU"
3521705,"ITABERA"
3132800,"ITAMBE DO MATO DENTRO"
4310579,"ITAPUCA"
5211404,"ITAUCU"
3135308,"JAPARAIBA"
3144003,"MUTUM"
4312807,"NOVA ARACA"
5214861,"NOVA GLORIA"
3533106,"NOVA GUATAPORANGA"
4211850,"OURO VERDE"
3148608,"PECANHA"
4213906,"PRESIDENTE CASTELO BRANCO"
3542800,"RIBEIRA"
4214706,"RIO DOS CEDROS"
3545001,"SALESOPOLIS"
3157302,"SANTA BARBARA DO TUGURIO"
3157401,"SANTA CRUZ DO ESCALVADO"
3159704,"SANTA ROSA DA SERRA"
4216008,"SAO CARLOS"
3549300,"SAO JOAO DO PAU D'ALHO"
3549409,"SAO JOAQUIM DA BARRA"
4319372,"SAO PEDRO DO BUTIA"
3204955,"SAO ROQUE DO CANAA"
4320677,"SINIMBU"
4321857,"TRES PALMEIRAS"
4307708,"ESTEIO"
3501301,"ALVARES MACHADO"
3506003,"BAURU"
3128907,"GUIMARANIA"
4304804,"CARLOS BARBOSA"
3505104,"BARBOSA"
4219002,"URUSSANGA"
3149903,"PERDOES"
3109253,"BUGRE"
4207007,"ICARA"
5105259,"LUCAS DO RIO VERDE"
3134400,"ITURAMA"
4217758,"SUL BRASIL"
4104055,"CAMPO BONITO"
4105607,"CIDADE GAUCHA"
4110003,"IGUARACU"
3548609,"SAO BENTO DO SAPUCAI"
4306007,"CRISSIUMAL"
3504305,"AVAI"
3501509,"ALVINLANDIA"
4218004,"TIJUCAS"
4117222,"NOVA SANTA ROSA"
3143104,"MONTE CARMELO"
4114906,"MARILANDIA DO SUL"
4113106,"KALORE"
4115606,"MATELANDIA"
3529906,"MIRACATU"
4102307,"BALSA NOVA"
4103222,"BOM SUCESSO DO SUL"
4117008,"NOVA FATIMA"
3121803,"DIONISIO"
4101051,"ANAHY"
4202057,"BALNEARIO BARRA DO SUL"
5205109,"CATALAO"
4118600,"PAULA FREITAS"
3105004,"BALDIM"
3509205,"CAJAMAR"
4120705,"QUATIGUA"
3551900,"SEVERINIA"
3522208,"ITAPECERICA DA SERRA"
3126406,"FORTUNA DE MINAS"
4127205,"TERRA BOA"
4313409,"NOVO HAMBURGO"
4305108,"CAXIAS DO SUL"
4321501,"TORRES"
3149804,"PERDIZES"
4127858,"TRES BARRAS DO PARANA"
4115200,"MARINGA"
3517703,"GUARA"
4202404,"BLUMENAU"
4320107,"SARANDI"
4124053,"SANTA TEREZINHA DE ITAIPU"
3518305,"GUARAREMA"
4115002,"MARILENA"
3500501,"AGUAS DE LINDOIA"
3547601,"SANTA ROSA DE VITERBO"
4128500,"WENCESLAU BRAZ"
3554607,"TIMBURI"
4105003,"CATANDUVAS"
3552809,"TABOAO DA SERRA"
4214805,"RIO DO SUL"
3121258,"DELTA"
3510807,"CASA BRANCA"
5220405,"SAO SIMAO"
3145406,"OLARIA"
4305306,"CHAPADA"
4104907,"CASTRO"
4217709,"SOMBRIO"
3168002,"TAIOBEIRAS"
3550605,"SAO ROQUE"
3138708,"LUMINARIAS"
4102000,"ASSIS CHATEAUBRIAND"
4126504,"SERTANOPOLIS"
3126307,"FORTALEZA DE MINAS"
3518404,"GUARATINGUETA"
3110004,"CAETE"
3202603,"ICONHA"
5207402,"EDEIA"
3140704,"MATEUS LEME"
5108857,"NOVA MARILANDIA"
3133600,"ITAPEVA"
4105508,"CIANORTE"
3124708,"ESTRELA DO INDAIA"
5101001,"ARAGUAIANA"
3125705,"FELIXLANDIA"
3511607,"CESARIO LANGE"
3153301,"PRESIDENTE KUBITSCHEK"
3147006,"PARACATU"
5107792,"SANTO ANTONIO DO LESTE"
3122207,"DIVINOLANDIA DE MINAS"
3524105,"ITUVERAVA"
3158805,"SANTANA DO JACARE"
3535309,"PALMITAL"
3540309,"PONTES GESTAL"
3541901,"QUELUZ"
3536109,"PARDINHO"
4215075,"RIQUEZA"
3104007,"ARAXA"
3112604,"CAPINOPOLIS"
3113107,"CARANAIBA"
3508900,"CAIABU"
5214408,"NAZARIO"
4120507,"PRIMEIRO DE MAIO"
3137205,"LAGOA DA PRATA"
4104709,"CARLOPOLIS"
3527900,"LUTECIA"
3517109,"GLICERIO"
3507704,"BRAUNA"
3513009,"COTIA"
4104204,"CAMPO LARGO"
3555356,"UBARANA"
4211702,"ORLEANS"
4314050,"PAROBE"
3531308,"MONTE ALTO"
3110905,"CAMPANHA"
3109907,"CAETANOPOLIS"
3508108,"BURITAMA"
3509700,"CAMPOS DO JORDAO"
4212700,"PETROLANDIA"
4110953,"ITAIPULANDIA"
3169356,"TRES MARIAS"
3505708,"BARUERI"
3169901,"UBA"
4218400,"TREZE DE MAIO"
4311809,"MARAU"
3528858,"MARAPOAMA"
3502507,"APARECIDA"
4106571,"CRUZEIRO DO IGUACU"
4115309,"MARIOPOLIS"
3151305,"PIRAUBA"
4200507,"AGUAS DE CHAPECO"
3503356,"ARCO-IRIS"
4201703,"ASCURRA"
4201802,"ATALANTA"
3504206,"AURIFLAMA"
4301925,"BARRA DO RIO AZUL"
3106507,"BERILO"
4302378,"BOM PROGRESSO"
4302600,"BRAGA"
5300108,"BRASILIA"
3120607,"CRUCILANDIA"
3121407,"DESTERRO DE ENTRE RIOS"
4307302,"ERVAL SECO"
3124203,"ESPERA FELIZ"
3126505,"FRANCISCO BADARO"
3137502,"LAGOA FORMOSA"
4311254,"LAGOAO"
3527702,"LUIZIANIA"
3141009,"MATO VERDE"
5213905,"MOSSAMEDES"
4313490,"NOVO BARREIRO"
3533809,"OLEO"
5215306,"ORIZONA"
5215504,"OUVIDOR"
4211876,"PAIAL"
3535903,"PARANAPUA"
3536208,"PARIQUERA-ACU"
3539806,"POA"
3540200,"PONTAL"
3152204,"PORTEIRINHA"
4315107,"PORTO XAVIER"
3543238,"RIBEIRAO DOS INDIOS"
4217154,"SAO MIGUEL DA BOA VISTA"
4217402,"SCHROEDER"
3554904,"TRES FRONTEIRAS"
4218608,"TROMBUDO CENTRAL"
5221908,"VARJAO"
3171600,"VIRGEM DA LAPA"
4309902,"IBIRAIARAS"
3107406,"BOM DESPACHO"
4117909,"PALOTINA"
4302402,"BOM RETIRO DO SUL"
4106308,"CORBELIA"
4208203,"ITAJAI"
5207352,"EDEALINA"
4319109,"SAO MARTINHO"
4317202,"SANTA ROSA"
3114303,"CARMO DO PARANAIBA"
4111506,"IVAIPORA"
4123956,"SANTA MONICA"
4210605,"MASSARANDUBA"
3137700,"LAJINHA"
3105608,"BARBACENA"
3118007,"CONGONHAS"
4120358,"PRANCHITA"
4117255,"NOVA PRATA DO IGUACU"
3203346,"MARECHAL FLORIANO"
3136652,"JUATUBA"
4122305,"RIO NEGRO"
4121505,"REBOUCAS"
3543600,"RIFAINA"
3138005,"LARANJAL"
3144508,"NAZARENO"
3523305,"ITARIRI"
3101607,"ALFENAS"
4113007,"JUSSARA"
5201306,"ANICUNS"
4120606,"PRUDENTOPOLIS"
4309407,"GUAPORE"
4318481,"SAO JOSE DO HORTENCIO"
3155702,"RIO PIRACICABA"
3140159,"MARIO CAMPOS"
4128401,"URAI"
3504503,"AVARE"
4112751,"JESUITAS"
4126702,"TAMBOARA"
3106705,"BETIM"
3165537,"SARZEDO"
4101408,"APUCARANA"
3553500,"TAPIRAI"
3517406,"GUAIRA"
3500709,"AGUDOS"
3508702,"CACONDE"
3534401,"OSASCO"
4216255,"SAO JOAO DO OESTE"
3201902,"DOMINGOS MARTINS"
5215009,"NOVA VENEZA"
4101309,"ANTONIO OLINTO"
3552403,"SUMARE"
4311627,"LINDOLFO COLLOR"
3165404,"SAPUCAI-MIRIM"
4205902,"GASPAR"
3128402,"GUARANI"
4307559,"ESTACAO"
3535705,"PARAISO"
4306809,"ENCANTADO"
3169000,"TOCANTINS"
3107000,"BIQUINHAS"
4117701,"PALMEIRA"
3143500,"MORADA NOVA DE MINAS"
3142304,"MOEDA"
3510302,"CAPELA DO ALTO"
4217303,"SAUDADES"
3166808,"SERRA DO SALITRE"
3129400,"IBERTIOGA"
3520202,"IGARATA"
3515806,"FLORA RICA"
3106408,"BELO VALE"
3127206,"FUNILANDIA"
4204251,"COCAL DO SUL"
3544301,"ROSEIRA"
3542206,"RANCHARIA"
3514700,"ECHAPORA"
3151800,"POCOS DE CALDAS"
3137601,"LAGOA SANTA"
4213500,"PORTO BELO"
4307609,"ESTANCIA VELHA"
4123501,"SANTA HELENA"
3107109,"BOA ESPERANCA"
3168309,"TAQUARACU DE MINAS"
3106200,"BELO HORIZONTE"
3150307,"PIEDADE DO RIO GRANDE"
4310900,"JACUTINGA"
3508207,"BURITIZAL"
3554003,"TATUI"
3145505,"OLIMPIO NORONHA"
1700707,"ALVORADA"
3112000,"CANDEIAS"
3170701,"VARGINHA"
4302105,"BENTO GONCALVES"
3513108,"CRAVINHOS"
3506805,"BOCAINA"
3304706,"SANTO ANTONIO DE PADUA"
3132503,"ITAMARANDIBA"
4125308,"SAO JORGE DO IVAI"
3119302,"COROMANDEL"
3553104,"TAIACU"
3520905,"IPAUCU"
3509601,"CAMPO LIMPO PAULISTA"
4210902,"MODELO"
4207502,"INDAIAL"
3149705,"PERDIGAO"
4306403,"DOIS IRMAOS"
4205308,"FAXINAL DOS GUEDES"
4125357,"SAO JORGE DO PATROCINIO"
4119004,"PEROLA D'OESTE"
3541307,"PRESIDENTE EPITACIO"
5205455,"CEZARINA"
3503109,"ARANDU"
4118501,"PATO BRANCO"
3551009,"SAO VICENTE"
3556503,"VARZEA PAULISTA"
5216007,"PANAMA"
3519071,"HORTOLANDIA"
3508306,"CABRALIA PAULISTA"
3148103,"PATROCINIO"
3160009,"SANTO ANTONIO DO AVENTUREIRO"
4218509,"TREZE TILIAS"
4104659,"CARAMBEI"
4200556,"AGUAS FRIAS"
3501103,"ALTO ALEGRE"
3153509,"ALTO JEQUITIBA"
4302006,"BARROS CASSAL"
3113503,"CARBONITA"
3115607,"CEDRO DO ABAETE"
3121001,"DATAS"
4205100,"DONA EMMA"
4307864,"FAGUNDES VARELA"
3516101,"FLORINIA"
5208905,"GOIAS"
3202256,"GOVERNADOR LINDENBERG"
3519006,"HERCULANDIA"
3519204,"IACRI"
3520442,"ILHA SOLTEIRA"
3135407,"JECEABA"
3137908,"LAMIM"
3138302,"LEANDRO FERREIRA"
3530201,"MIRANTE DO PARANAPANEMA"
3530607,"MOGI DAS CRUZES"
3530706,"MOGI-GUACU"
4313466,"NOVO XINGU"
3151909,"POCRANE"
4314787,"PONTE PRETA"
3547700,"SANTO ANASTACIO"
3549003,"SAO FRANCISCO"
4218103,"TIMBE DO SUL"
4323606,"VISTA ALEGRE DO PRATA"
4219606,"XAVANTINA"
3143401,"MONTE SIAO"
5103437,"CUVERLANDIA"
3168705,"TIMOTEO"
3550100,"SAO MANUEL"
4114203,"MANDAGUARI"
5210604,"ITAGUARU"
4125704,"SAO MIGUEL DO IGUACU"
4212908,"PINHALZINHO"
3543501,"RIVERSUL"
4201273,"ARABUTA"
3541505,"PRESIDENTE VENCESLAU"
3300407,"BARRA MANSA"
4118451,"PATO BRAGADO"
4308458,"FORTALEZA DOS VALOS"
3519303,"IBATE"
4115804,"MEDIANEIRA"
3530904,"MOMBUCA"
3133204,"ITANHOMI"
3154200,"RESENDE COSTA"
5215702,"PALMEIRAS DE GOIAS"
4103008,"BOA ESPERANCA"
3503703,"ARIRANHA"
3132404,"ITAJUBA"
3501152,"ALUMINIO"
4100608,"ALTO PARANA"
4300802,"ANTONIO PRADO"
4116406,"NOSSA SENHORA DAS GRACAS"
3552106,"SOCORRO"
4218756,"TUNAPOLIS"
3548401,"SANTOPOLIS DO AGUAPEI"
3129905,"IBITIURA DE MINAS"
3546306,"SANTA CRUZ DAS PALMEIRAS"
3302205,"ITAPERUNA"
3162948,"SAO JOSE DA BARRA"
3154705,"RIBEIRAO VERMELHO"
3523909,"ITU"
3513207,"CRISTAIS PAULISTA"
5215405,"OURO VERDE DE GOIAS"
3303401,"NOVA FRIBURGO"
3102308,"ALVINOPOLIS"
4105409,"CHOPINZINHO"
3524402,"JACAREI"
3108107,"BONFIM"
3119955,"CORREGO FUNDO"
4309605,"HORIZONTINA"
3543402,"RIBEIRAO PRETO"
3104304,"AREADO"
3115359,"CATAS ALTAS"
4202008,"BALNEARIO CAMBORIU"
4114609,"MARECHAL CANDIDO RONDON"
4106209,"CONTENDA"
4109302,"GUARANIACU"
3124906,"EUGENOPOLIS"
3114550,"CARNEIRINHO"
4217204,"SAO MIGUEL D'OESTE"
5218805,"RIO VERDE"
4125555,"SAO MANOEL DO PARANA"
3103504,"ARAGUARI"
3520301,"IGUAPE"
4117107,"NOVA LONDRINA"
4111407,"IVAI"
4118857,"PEROBAL"
3302809,"MENDES"
4113700,"LONDRINA"
3146404,"PAINEIRAS"
3555604,"UCHOA"
3200300,"ALFREDO CHAVES"
3133402,"ITAPAGIPE"
3528403,"MAIRINQUE"
3534906,"PACAEMBU"
3553807,"TAQUARITUBA"
4322251,"TUPANDI"
3158003,"SANTA MARIA DE ITABIRA"
4107801,"FLORAI"
2400109,"ACARI"
3200607,"ARACRUZ"
4114005,"MAMBORE"
4128658,"VIRMOND"
3536802,"PEDRA BELA"
4103453,"CAFELANDIA"
3125101,"EXTREMA"
3161809,"SAO GONCALO DO PARA"
3164431,"SAO SEBASTIAO DA VARGEM ALEGRE"
4204905,"DESCANSO"
4211405,"NOVA ERECHIM"
3512001,"COLINA"
4122602,"RONDON"
3122504,"DOM CAVATI"
4310801,"IVOTI"
4316501,"SALVADOR DO SUL"
3504008,"ASSIS"
3537305,"PENAPOLIS"
4113908,"MALLET"
3112505,"CAPIM BRANCO"
3144102,"MUZAMBINHO"
5203939,"BURITI DE GOIAS"
3113206,"CARANDAI"
4217501,"SEARA"
5221007,"TAQUARAL DE GOIAS"
3541208,"PRESIDENTE BERNARDES"
4305871,"CORONEL BARROS"
3118601,"CONTAGEM"
3532900,"NOVA EUROPA"
4104808,"CASCAVEL"
4213203,"POMERODE"
3147105,"PARA DE MINAS"
3156106,"RITAPOLIS"
3532108,"MURUTINGA DO SUL"
3138807,"LUZ"
3550209,"SAO MIGUEL ARCANJO"
3153004,"PRATINHA"
3502002,"ANALANDIA"
4106506,"CORONEL VIVIDA"
3556453,"VARGEM GRANDE PAULISTA"
3163409,"SAO JOSE DO GOIABAL"
4125605,"SAO MATEUS DO SUL"
3121506,"DESTERRO DO MELO"
4107306,"DOUTOR CAMARGO"
4122701,"SABAUDIA"
4319901,"SAPIRANGA"
3123403,"DORESOPOLIS"
4310108,"IGREJINHA"
3148202,"PATROCINIO DO MURIAE"
3537909,"PILAR DO SUL"
3512506,"COROADOS"
4204707,"CUNHA PORA"
4106902,"CURITIBA"
3101300,"ALAGOA"
3133105,"ITANHANDU"
4300505,"ALPESTRE"
4300554,"ALTO ALEGRE"
3503950,"ASPASIA"
3505401,"BARRA DO TURVO"
3505807,"BASTOS"
4302451,"BOQUEIRAO DO LEAO"
4303707,"CAMPINA DAS MISSOES"
3112307,"CAPELINHA"
4204152,"CELSO RAMOS"
5205406,"CERES"
4305702,"CONDOR"
4305959,"COTIPORA"
4204756,"CUNHATAI"
3513850,"DIRCE REIS"
3124807,"ESTRELA DO SUL"
3518107,"GUARANTA"
3518206,"GUARARAPES"
3518909,"GUZOLANDIA"
3529104,"MARINOPOLIS"
5212907,"MARZAGAO"
3529658,"MESOPOLIS"
3530003,"MIRA ESTRELA"
4312385,"MONTE BELO DO SUL"
4211801,"OURO"
3537008,"PEDREGULHO"
3150802,"PIRANGA"
3540507,"PORANGABA"
3152303,"PORTO FIRME"
4315008,"PORTO LUCENA"
3155207,"RIO ESPERA"
4315800,"ROCA SALES"
3156908,"SACRAMENTO"
3545704,"SANTA ALBERTINA"
4317558,"SANTO ANTONIO DO PALMA"
4215901,"SAO BONIFACIO"
3161007,"SAO DOMINGOS DO PRATA"
4318440,"SAO JORGE"
3163508,"SAO JOSE DO JACURI"
4320206,"SEBERI"
3165909,"SENADOR MODESTINO GONCALVES"
4320602,"SEVERIANO DE ALMEIDA"
3552502,"SUZANO"
3554508,"TIETE"
5221304,"TRES RANCHOS"
4218350,"TREVISO"
5221700,"URUANA"
3556206,"VALINHOS"
3171808,"VIRGINOPOLIS"
3172202,"WENCESLAU BRAZ"
3512407,"CORDEIROPOLIS"
4218707,"TUBARAO"
4118709,"PAULO FRONTIN"
3555505,"UBIRAJARA"
4102109,"ASTORGA"
4122156,"RIO BONITO DO IGUACU"
3512100,"COLOMBIA"
3125309,"FARIA LEMOS"
3147303,"PARAISOPOLIS"
4317905,"SANTO CRISTO"
3548906,"SAO CARLOS"
4207650,"IPORA DO OESTE"
3546603,"SANTA FE DO SUL"
3524709,"JAGUARIUNA"
3147204,"PARAGUACU"
3306305,"VOLTA REDONDA"
3512308,"CONCHAS"
3519105,"IACANGA"
3517505,"GUAPIACU"
3123007,"DORES DE CAMPOS"
3506300,"BERNARDINO DE CAMPOS"
3538709,"PIRACICABA"
3538501,"PIQUETE"
4202453,"BOMBINHAS"
3162302,"SAO JOAO DA MATA"
4119905,"PONTA GROSSA"
3527405,"LUCELIA"
4116950,"NOVA ESPERANCA DO SUDOESTE"
3533908,"OLIMPIA"
3101631,"ALFREDO VASCONCELOS"
4112405,"JAPURA"
3134202,"ITUIUTABA"
3537800,"PIEDADE"
3513900,"DIVINOLANDIA"
3529708,"MIGUELOPOLIS"
3522406,"ITAPEVA"
3524006,"ITUPEVA"
3105103,"BAMBUI"
4311403,"LAJEADO"
3500204,"ADOLFO"
4120309,"PORTO VITORIA"
3532009,"MORUNGABA"
4209508,"LAURENTINO"
3542701,"RESTINGA"
3542008,"QUINTANA"
3516705,"GARCA"
3138609,"LIMA DUARTE"
3124401,"ESPIRITO SANTO DO DOURADO"
3148905,"PEDRA DO INDAIA"
3535507,"PARAGUACU PAULISTA"
4108957,"GUAMIRANGA"
3511003,"CASTILHO"
4319307,"SAO PAULO DAS MISSOES"
3536604,"PAULO DE FARIA"
3537701,"PIACATU"
3203353,"MARILANDIA"
3531506,"MONTE AZUL PAULISTA"
3547809,"SANTO ANDRE"
3512209,"CONCHAL"
3523404,"ITATIBA"
3544251,"ROSANA"
3145109,"NOVA RESENDE"
4216305,"SAO JOAO BATISTA"
3549953,"SAO LOURENCO DA SERRA"
4122404,"ROLANDIA"
3111002,"CAMPESTRE"
3548203,"SANTO ANTONIO DO PINHAL"
3540606,"PORTO FELIZ"
3538006,"PINDAMONHANGABA"
3542107,"RAFARD"
4204301,"CONCORDIA"
4305801,"CONSTANTINA"
3507506,"BOTUCATU"
4300059,"AGUA SANTA"
3511904,"CLEMENTINA"
4321667,"TRES CACHOEIRAS"
4127700,"TOLEDO"
1715754,"PALMEIROPOLIS"
3511706,"CHARQUEADA"
3137536,"LAGOA GRANDE"
4202909,"BRUSQUE"
5215207,"NOVO BRASIL"
3167806,"SOLEDADE DE MINAS"
3502101,"ANDRADINA"
3503901,"ARUJA"
3505906,"BATATAIS"
3513801,"DIADEMA"
3130101,"IGARAPE"
3505500,"BARRETOS"
3201407,"CASTELO"
3541703,"QUATA"
4103503,"CALIFORNIA"
3162955,"SAO JOSE DA LAPA"
5210901,"ITAPACI"
4119806,"PLANALTO"
4320909,"TAPEJARA"
5218904,"RUBIATABA"
3510005,"CANDIDO MOTA"
3127388,"GOIANA"
3501202,"ALVARES FLORENCE"
3528809,"MARACAI"
3169406,"TRES PONTAS"
3512803,"COSMOPOLIS"
4200309,"AGRONOMICA"
4301651,"BARAO"
5206503,"CROMINIA"
3124005,"ERVALIA"
3125903,"FERROS"
3516606,"GALIA"
4309506,"GUARANI DAS MISSOES"
4206603,"GUARUJA DO SUL"
4210001,"LUIZ ALVES"
4313805,"PALMITINHO"
3536000,"PARAPUA"
3536505,"PAULINIA"
4314423,"PICADA CAFE"
4314456,"PINHAL"
3151701,"POCO FUNDO"
3153103,"PRESIDENTE BERNARDES"
3546108,"SANTA CLARA D'OESTE"
4319752,"SAO VENDELINO"
4218806,"TURVO"
3145901,"OURO BRANCO"
4215703,"SANTO AMARO DA IMPERATRIZ"
4304697,"CAPITAO"
3152501,"POUSO ALEGRE"
3545100,"SALMOURAO"
3551108,"SARAPUI"
3534708,"OURINHOS"
3137403,"LAGOA DOURADA"
3145000,"NOVA PONTE"
4313201,"NOVA PETROPOLIS"
3522802,"ITAPORANGA"
4321907,"TRES PASSOS"
3134806,"JACUI"
3546207,"SANTA CRUZ DA CONCEICAO"
3528205,"MACEDONIA"
3528502,"MAIRIPORA"
3500600,"AGUAS DE SAO PEDRO"
4106001,"CONGONHINHAS"
4120853,"QUATRO PONTES"
3523206,"ITARARE"
4212007,"PALMA SOLA"
3507001,"BOITUVA"
3150505,"PIMENTA"
4321808,"TRES DE MAIO"
3526308,"LAGOINHA"
3552700,"TABATINGA"
3121209,"DELFINOPOLIS"
3117801,"CONCEICAO DOS OUROS"
3112208,"CAPELA NOVA"
3515194,"ESPIRITO SANTO DO TURVO"
3122900,"DONA EUSEBIA"
3511409,"CERQUEIRA CESAR"
3109808,"CACHOEIRA DOURADA"
3554409,"TERRA ROXA"
3525854,"JUMIRIM"
3302908,"MIGUEL PEREIRA"
3532843,"NOVA CANAA PAULISTA"
3114501,"CARMOPOLIS DE MINAS"
4108403,"FRANCISCO BELTRAO"
3122306,"DIVINOPOLIS"
3302056,"ITALVA"
3507902,"BROTAS"
3514304,"DOURADO"
4115853,"MERCEDES"
3526704,"LEME"
4126108,"SAO TOME"
3556404,"VARGEM GRANDE DO SUL"
3110301,"CALDAS"
3126000,"FLORESTAL"
4323408,"VILA MARIA"
3202900,"ITARANA"
3523602,"ITIRAPINA"
4101507,"ARAPONGAS"
3163904,"SAO PEDRO DA UNIAO"
3507803,"BRODOWSKI"
3519907,"IEPE"
4128609,"VERE"
4102208,"ATALAIA"
3506102,"BEBEDOURO"
3127107,"FRUTAL"
4104501,"CAPANEMA"
3525300,"JAU"
3167905,"TABULEIRO"
3548708,"SAO BERNARDO DO CAMPO"
3517802,"GUARACAI"
3303005,"MIRACEMA"
3110608,"CAMBUI"
3129509,"IBIA"
3556909,"VISTA ALEGRE DO ALTO"
3545605,"SANTA ADELIA"
4111704,"JABOTI"
3116605,"CLAUDIO"
3143005,"MONTE BELO"
3500105,"ADAMANTINA"
3515608,"FERNANDO PRESTES"
4104600,"CAPITAO LEONIDAS MARQUES"
4115408,"MARMELEIRO"
3164704,"SAO SEBASTIAO DO PARAISO"
4209003,"JOACABA"
4200804,"ANCHIETA"
3502408,"ANHUMAS"
3502606,"APARECIDA D'OESTE"
3508801,"CAFELANDIA"
3118700,"COQUEIRAL"
5206602,"CUMARI"
3518008,"GUARANI D'OESTE"
4310306,"ILOPOLIS"
3523800,"ITOBI"
3528304,"MAGDA"
3146008,"OURO FINO"
3539004,"PIRANGI"
3539400,"PIRATININGA"
3539905,"POLONI"
4316105,"RONDA ALTA"
3546801,"SANTA ISABEL"
4322301,"TUPARENDI"
3523008,"ITAPURA"
4312906,"NOVA BASSANO"
3517604,"GUAPIARA"
4116059,"MISSAL"
3160405,"SANTO ANTONIO DO MONTE"
3538808,"PIRAJU"
3109600,"CACHOEIRA DA PRATA"
3514908,"ELIAS FAUSTO"
3503406,"AREALVA"
3514601,"DUMONT"
4124806,"SAO JOAO"
5219506,"SANTA ROSA DE GOIAS"
3552205,"SOROCABA"
3527256,"LOURDES"
3526803,"LENCOIS PAULISTA"
3131901,"ITABIRITO"
4307807,"ESTRELA"
3503307,"ARARAS"
3147709,"PASSA TEMPO"
5219001,"SANCLERLANDIA"
3519402,"IBIRA"
4101002,"AMPERE"
4313359,"NOVA ROMA DO SUL"
3538204,"PINHALZINHO"
3128808,"GUIDOVAL"
3533304,"NOVA LUZITANIA"
3100104,"ABADIA DOS DOURADOS"
3532801,"NOVA ALIANCA"
3103900,"ARAUJOS"
3517208,"GUAICARA"
3533403,"NOVA ODESSA"
3547502,"SANTA RITA DO PASSA QUATRO"
3526100,"JUQUIA"
3551702,"SERTAOZINHO"
3516507,"GABRIEL MONTEIRO"
3534302,"ORLANDIA"
3555000,"TUPA"
3545308,"SALTO DE PIRAPORA"
5222005,"VIANOPOLIS"
3521804,"ITAI"
3514924,"ELISIARIO"
4209102,"JOINVILLE"
3140209,"MARIPA DE MINAS"
4107157,"DIAMANTE D'OESTE"
3510104,"CANDIDO RODRIGUES"
3530409,"MIRASSOLANDIA"
3133808,"ITAUNA"
4306452,"DOIS LAJEADOS"
3503208,"ARARAQUARA"
3547908,"SANTO ANTONIO DA ALEGRIA"
3507753,"BREJO ALEGRE"
4303905,"CAMPO BOM"
4121406,"REALEZA"
3105905,"BARROSO"
3533502,"NOVO HORIZONTE"
3532504,"NEVES PAULISTA"
4107207,"DOIS VIZINHOS"
3520426,"ILHA COMPRIDA"
3509007,"CAIEIRAS"
3542602,"REGISTRO"
3501004,"ALTINOPOLIS"
3528007,"MACATUBA"
3501806,"AMERICO DE CAMPOS"
4208005,"ITA"
4301057,"ARROIO DO SAL"
3128709,"GUAXUPE"
3534005,"ONDA VERDE"
5221809,"URUTAI"
3165107,"SAO TOMAS DE AQUINO"
3524501,"JACI"
3102605,"ANDRADAS"
3524204,"JABORANDI"
3114006,"CARMO DA MATA"
3107901,"BOM REPOUSO"
3507605,"BRAGANCA PAULISTA"
3108701,"BRAS PIRES"
3509502,"CAMPINAS"
3513306,"CRUZALIA"
5206800,"DAMOLANDIA"
4306304,"DAVID CANABARRO"
4309555,"HARMONIA"
3130903,"INHAPIM"
4310439,"IPE"
3303104,"NATIVIDADE"
4316303,"ROQUE GONZALES"
3158300,"SANTANA DA VARGEM"
4115358,"MARIPA"
3114402,"CARMO DO RIO CLARO"
3513702,"DESCALVADO"
3557204,"CHAVANTES"
3119906,"CORREGO DO BOM JESUS"
4208906,"JARAGUA DO SUL"
3540804,"POTIRENDABA"
4105300,"CEU AZUL"
3304607,"SANTA MARIA MADALENA"
3514403,"DRACENA"
3520400,"ILHABELA"
4111209,"ITAPEJARA D'OESTE"
3553708,"TAQUARITINGA"
3510906,"CASSIA DOS COQUEIROS"
3131505,"IPUIUNA"
3507100,"BOM JESUS DOS PERDOES"
3132909,"ITAMOGI"
4320404,"SERAFINA CORREA"
3542404,"REGENTE FEIJO"
4124301,"SANTO ANTONIO DO PARAISO"
4107538,"ENTRE RIOS DO OESTE"
3165305,"SAO VICENTE DE MINAS"
4119152,"PINHAIS"
2100477,"ALTO ALEGRE DO PINDARE"
3525607,"JOAO RAMALHO"
3534609,"OSVALDO CRUZ"
3524303,"JABOTICABAL"
3202702,"ITAGUACU"
4304903,"CASCA"
4125209,"SAO JORGE D'OESTE"
3502903,"ARACOIABA DA SERRA"
3536307,"PATROCINIO PAULISTA"
3531407,"MONTE APRAZIVEL"
3532603,"NHANDEARA"
3529203,"MARTINOPOLIS"
5212006,"JAUPACI"
3109006,"BRUMADINHO"
4308201,"FLORES DA CUNHA"
3528700,"MARABA PAULISTA"
4301008,"ARROIO DO MEIO"
3521507,"IRAPUA"
3162104,"SAO GOTARDO"
4207577,"IOMERE"
3502804,"ARACATUBA"
4323200,"VICTOR GRAEFF"
3502200,"ANGATUBA"
3155801,"RIO POMBA"
3151503,"PIUMHI"
3525904,"JUNDIAI"
5208509,"GOIANDIRA"
3533007,"NOVA GRANADA"
3537156,"PEDRINHAS PAULISTA"
3504800,"BALSAMO"
3535408,"PANORAMA"
3100302,"ABRE CAMPO"
3116803,"COLUNA"
3516804,"GASTAO VIDIGAL"
4309803,"IBIACA"
3520608,"INDIANA"
3138351,"LEME DO PRADO"
3530508,"MOCOCA"
4312476,"MORRO REUTER"
4313003,"NOVA BRESCIA"
3541109,"PRESIDENTE ALVES"
4316758,"SANTA CLARA DO SUL"
3161908,"SAO GONCALO DO RIO ABAIXO"
3555802,"URANIA"
4322707,"VERA CRUZ"
4219358,"VITOR MEIRELES"
3136900,"JURUAIA"
3163102,"SAO JOSE DA VARGINHA"
3556305,"VALPARAISO"
3504107,"ATIBAIA"
4123808,"SANTA IZABEL DO OESTE"
3532058,"MOTUCA"
3504602,"BADY BASSITT"
3136207,"JOAO MONLEVADE"
3545159,"SALTINHO"
3117108,"CONCEICAO DA APARECIDA"
3533254,"NOVAIS"
3553203,"TAIUVA"
4215109,"RODEIO"
4218202,"TIMBO"
3300159,"APERIBE"
4210035,"LUZERNA"
3112802,"CAPITOLIO"
3545803,"SANTA BARBARA D'OESTE"
3543204,"RIBEIRAO DO SUL"
3527306,"LOUVEIRA"
3144805,"NOVA LIMA"
3525508,"JOANOPOLIS"
3133758,"ITAU DE MINAS"
3509304,"CAJOBI"
3553401,"TANABI"
3153400,"PRESIDENTE OLEGARIO"
3557006,"VOTORANTIM"
3536901,"PEDRANOPOLIS"
4307906,"FARROUPILHA"
3543303,"RIBEIRAO PIRES"
3503802,"ARTUR NOGUEIRA"
3530102,"MIRANDOPOLIS"
3527801,"LUPERCIO"
4321451,"TEUTONIA"
5218607,"RIALMA"
3543907,"RIO CLARO"
4208401,"ITAPIRANGA"
3505005,"BARAO DE ANTONINA"
3546900,"SANTA LUCIA"
3147907,"PASSOS"
3161700,"SAO GONCALO DO ABAETE"
3545209,"SALTO"
4216701,"SAO JOSE DO CEDRO"
3162906,"SAO JOAO NEPOMUCENO"
3509403,"CAJURU"
4300307,"ALECRIM"
3501608,"AMERICANA"
4301503,"AUGUSTO PESTANA"
3516853,"GAVIAO PEIXOTO"
3127602,"GOUVEIA"
4206405,"GUARACIABA"
4311155,"JOIA"
3535200,"PALMEIRA D'OESTE"
4314472,"PINHAL GRANDE"
3540408,"POPULINA"
3502705,"APIAI"
3500550,"AGUAS DE SANTA BARBARA"
3549805,"SAO JOSE DO RIO PRETO"
3535002,"PALESTINA"
3556800,"VIRADOURO"
3108305,"BORDA DA MATA"
3549904,"SAO JOSE DOS CAMPOS"
3556008,"URUPES"
3104205,"ARCOS"
3130309,"IGUATAMA"
3512902,"COSMORAMA"
3109709,"CACHOEIRA DE MINAS"
3114204,"CARMO DO CAJURU"
3549102,"SAO JOAO DA BOA VISTA"
3500402,"AGUAS DA PRATA"
3552601,"TABAPUA"
3521408,"IRACEMAPOLIS"
3514502,"DUARTINA"
3529807,"MINEIROS DO TIETE"
3123908,"ENTRE RIOS DE MINAS"
3500303,"AGUAI"
4300901,"ARATIBA"
4201901,"AURORA"
3515186,"ESPIRITO SANTO DO PINHAL"
3129004,"GUIRICEMA"
3522604,"ITAPIRA"
3526902,"LIMEIRA"
4313086,"NOVA PADUA"
3534757,"OUROESTE"
3541406,"PRESIDENTE PRUDENTE"
4315909,"RODEIO BONITO"
3168903,"TIROS"
3540002,"POMPEIA"
3521101,"IPEUNA"
3164308,"SAO ROQUE DE MINAS"
3530300,"MIRASSOL"
4210100,"MAFRA"
3555109,"TUPI PAULISTA"
3510708,"CARDOSO"
3137106,"LAGAMAR"
5210109,"IPAMERI"
3119708,"CORONEL XAVIER CHAVES"
3537107,"PEDREIRA"
4107405,"ENEAS MARQUES"
3126109,"FORMIGA"
3505302,"BARRA BONITA"
4318051,"SAO DOMINGOS DO SUL"
3522000,"ITAJU"
4206504,"GUARAMIRIM"
3536257,"PARISI"
3506508,"BIRIGUI"
3529005,"MARILIA"
3118304,"CONSELHEIRO LAFAIETE"
3137809,"LAMBARI"
3516200,"FRANCA"
3520004,"IGARACU DO TIETE"
3520509,"INDAIATUBA"
3521903,"ITAJOBI"
4312153,"MATO LEITAO"
3531605,"MONTE CASTELO"
3537404,"PEREIRA BARRETO"
3548807,"SAO CAETANO DO SUL"
3142403,"MOEMA"
3305133,"SAO JOSE DE UBA"
3528908,"MARIAPOLIS"
3305901,"TRAJANO DE MORAIS"
3511508,"CERQUILHO"
4126355,"SERRANOPOLIS DO IGUACU"
3551801,"SETE BARRAS"
3146503,"PAINS"
3533601,"NUPORANGA"
3539202,"PIRAPOZINHO"
3501707,"AMERICO BRASILIENSE"
3529302,"MATAO"
4206306,"GUABIRUBA"
4219101,"VARGEAO"
4113601,"LOBATO"
3515509,"FERNANDOPOLIS"
4200606,"AGUAS MORNAS"
4300703,"ANTA GORDA"
3123502,"DOURADOQUARA"
3520707,"INDIAPORA"
3528106,"MACAUBAL"
3530805,"MOGI-MIRIM"
4322103,"TUCUNDUVA"
3516903,"GENERAL SALGADO"
3529500,"MENDONCA"
3555307,"TURMALINA"
3548104,"SANTO ANTONIO DO JARDIM"
3517901,"GUARACI"
3141306,"MEDEIROS"
3511300,"CEDRAL"
3515905,"FLOREAL"
3132206,"ITAGUARA"
3507407,"BORBOREMA"
3538303,"PIQUEROBI"
3544707,"SAGRES"
3119807,"CORREGO DANTA"
3526001,"JUNQUEIROPOLIS"
3160900,"SAO BRAS DO SUACUI"
3524808,"JALES"
4313334,"NOVA RAMADA"
3534500,"OSCAR BRESSANE"
3508405,"CABREUVA"
3547007,"SANTA MARIA DA SERRA"
3553005,"TAGUAI"
3534807,"OURO VERDE"
3514957,"EMBAUBA"
4304309,"CANDIDO GODOI"
3162500,"SAO JOAO DEL REI"
3544509,"RUBINEIA"
3107604,"BOM JESUS DA PENHA"
3515400,"FARTURA"
4210803,"MELEIRO"
3159209,"SANTA RITA DE CALDAS"
3515202,"ESTRELA D'OESTE"
4201208,"ANTONIO CARLOS"
3104452,"ARICANDUVA"
3522901,"ITAPUI"
3556107,"VALENTIM GENTIL"
4127957,"TUPASSI"
3162203,"SAO JOAO BATISTA DO GLORIA"
3547403,"SANTA RITA D'OESTE"
3506409,"BILAC"
4309704,"HUMAITA"
3529609,"MERIDIANO"
3544400,"RUBIACEA"
3551306,"SEBASTIANOPOLIS DO SUL"
3505203,"BARIRI"
3552304,"SUD MENNUCCI"
4111605,"IVATUBA"
3534203,"ORINDIUVA"
3506201,"BENTO DE ABREU"
4314001,"PARAI"
3540101,"PONGAI"
3305703,"SUMIDOURO"
3557105,"VOTUPORANGA"
3526506,"LAVINIA"
3549201,"SAO JOAO DAS DUAS PONTES"
3514106,"DOIS CORREGOS"
3522703,"ITAPOLIS"
3514205,"DOLCINOPOLIS"
3554706,"TORRINHA"
3505351,"BARRA DO CHAPEU"
3305307,"SAO SEBASTIAO DO ALTO"
